class,level,city,policy,battles,wins,losses,turns,winner_xp,winner_gold,ideal_wins_next_level
0,1,0,0,64,64,0,71,5760,288,3.33333
0,1,0,1,64,64,0,64,5760,288,3.33333
0,1,1,0,64,28,36,121,3360,168,2.5
0,1,1,1,64,32,32,112,3840,192,2.5
0,1,2,0,64,0,64,68,0,0,0
0,1,2,1,64,0,64,68,0,0,0
0,1,3,0,64,0,64,72,0,0,0
0,1,3,1,64,0,64,72,0,0,0
0,2,0,0,64,64,0,71,5760,288,6.66667
0,2,0,1,64,64,0,76,5760,288,6.66667
0,2,1,0,64,32,32,140,3840,192,5
0,2,1,1,64,32,32,132,3840,192,5
0,2,2,0,64,0,64,129,0,0,0
0,2,2,1,64,0,64,129,0,0,0
0,2,3,0,64,0,64,72,0,0,0
0,2,3,1,64,0,64,72,0,0,0
0,3,0,0,64,64,0,135,7680,352,15
0,3,0,1,64,64,0,101,7680,352,15
0,3,1,0,64,34,30,165,4600,222,13.3043
0,3,1,1,64,50,14,148,10680,462,8.42697
0,3,2,0,64,0,64,137,0,0,0
0,3,2,1,64,0,64,139,0,0,0
0,3,3,0,64,0,64,180,0,0,0
0,3,3,1,64,0,64,189,0,0,0
0,4,0,0,64,64,0,122,7680,352,31.6667
0,4,0,1,64,64,0,101,7680,352,31.6667
0,4,1,0,64,47,17,188,9540,417,18.7212
0,4,1,1,64,56,8,158,12960,552,16.4198
0,4,2,0,64,0,64,185,0,0,0
0,4,2,1,64,0,64,189,0,0,0
0,4,3,0,64,0,64,186,0,0,0
0,4,3,1,64,0,64,193,0,0,0
0,5,0,0,64,64,0,104,7680,352,62.5
0,5,0,1,64,64,0,88,7680,352,62.5
0,5,1,0,64,61,3,187,14860,627,30.7873
0,5,1,1,64,64,0,122,16000,672,30
0,5,2,0,64,0,64,204,0,0,0
0,5,2,1,64,7,57,202,5950,196,8.82353
0,5,3,0,64,0,64,198,0,0,0
0,5,3,1,64,0,64,204,0,0,0
0,6,0,0,64,64,0,101,7680,352,75
0,6,0,1,64,64,0,88,7680,352,75
0,6,1,0,64,64,0,175,16000,672,36
0,6,1,1,64,64,0,122,16000,672,36
0,6,2,0,64,3,61,246,2550,84,10.5882
0,6,2,1,64,16,48,236,13600,448,10.5882
0,6,3,0,64,0,64,198,0,0,0
0,6,3,1,64,0,64,208,0,0,0
0,7,0,0,64,64,0,101,7680,352,91.6667
0,7,0,1,64,64,0,88,7680,352,91.6667
0,7,1,0,64,64,0,154,16000,672,44
0,7,1,1,64,64,0,120,16000,672,44
0,7,2,0,64,6,58,270,5100,168,12.9412
0,7,2,1,64,45,19,245,38250,1260,12.9412
0,7,3,0,64,0,64,210,0,0,0
0,7,3,1,64,0,64,205,0,0,0
0,8,0,0,64,64,0,101,7680,352,116.667
0,8,0,1,64,64,0,88,7680,352,116.667
0,8,1,0,64,64,0,145,16000,672,56
0,8,1,1,64,64,0,120,16000,672,56
0,8,2,0,64,21,43,298,17850,588,16.4706
0,8,2,1,64,54,10,253,45900,1512,16.4706
0,8,3,0,64,0,64,257,0,0,0
0,8,3,1,64,0,64,247,0,0,0
0,9,0,0,64,64,0,93,7680,352,133.333
0,9,0,1,64,64,0,88,7680,352,133.333
0,9,1,0,64,64,0,130,16000,672,64
0,9,1,1,64,64,0,120,16000,672,64
0,9,2,0,64,50,14,303,42500,1400,18.8235
0,9,2,1,64,61,3,254,51850,1708,18.8235
0,9,3,0,64,0,64,266,0,0,0
0,9,3,1,64,0,64,264,0,0,0
0,10,0,0,64,64,0,83,7680,352,175
0,10,0,1,64,64,0,88,7680,352,175
0,10,1,0,64,64,0,130,16000,672,84
0,10,1,1,64,64,0,120,16000,672,84
0,10,2,0,64,59,5,306,50150,1652,24.7059
0,10,2,1,64,61,3,255,51850,1708,24.7059
0,10,3,0,64,1,63,293,1800,48,11.6667
0,10,3,1,64,5,59,290,9000,240,11.6667
0,11,0,0,64,64,0,71,7680,352,125
0,11,0,1,64,64,0,88,7680,352,125
0,11,1,0,64,64,0,127,16000,672,60
0,11,1,1,64,64,0,120,16000,672,60
0,11,2,0,64,64,0,289,54400,1792,17.6471
0,11,2,1,64,63,1,257,53550,1764,17.6471
0,11,3,0,64,4,60,352,7200,192,8.33333
0,11,3,1,64,21,43,346,37800,1008,8.33333
0,12,0,0,64,64,0,71,7680,352,166.667
0,12,0,1,64,64,0,88,7680,352,166.667
0,12,1,0,64,64,0,113,16000,672,80
0,12,1,1,64,64,0,120,16000,672,80
0,12,2,0,64,64,0,268,54400,1792,23.5294
0,12,2,1,64,63,1,257,53550,1764,23.5294
0,12,3,0,64,14,50,376,25200,672,11.1111
0,12,3,1,64,27,37,367,48600,1296,11.1111
0,13,0,0,64,64,0,71,7680,352,166.667
0,13,0,1,64,64,0,86,7680,352,166.667
0,13,1,0,64,64,0,104,16000,672,80
0,13,1,1,64,64,0,116,16000,672,80
0,13,2,0,64,64,0,254,54400,1792,23.5294
0,13,2,1,64,64,0,250,54400,1792,23.5294
0,13,3,0,64,28,36,384,50400,1344,11.1111
0,13,3,1,64,39,25,369,70200,1872,11.1111
0,14,0,0,64,64,0,71,7680,352,208.333
0,14,0,1,64,64,0,86,7680,352,208.333
0,14,1,0,64,64,0,104,16000,672,100
0,14,1,1,64,64,0,116,16000,672,100
0,14,2,0,64,64,0,249,54400,1792,29.4118
0,14,2,1,64,64,0,246,54400,1792,29.4118
0,14,3,0,64,40,24,381,72000,1920,13.8889
0,14,3,1,64,51,13,366,91800,2448,13.8889
0,15,0,0,64,64,0,71,7680,352,250
0,15,0,1,64,64,0,86,7680,352,250
0,15,1,0,64,64,0,104,16000,672,120
0,15,1,1,64,64,0,116,16000,672,120
0,15,2,0,64,64,0,249,54400,1792,35.2941
0,15,2,1,64,64,0,246,54400,1792,35.2941
0,15,3,0,64,52,12,389,93600,2496,16.6667
0,15,3,1,64,56,8,372,100800,2688,16.6667
0,16,0,0,64,64,0,71,7680,352,250
0,16,0,1,64,64,0,86,7680,352,250
0,16,1,0,64,64,0,104,16000,672,120
0,16,1,1,64,64,0,116,16000,672,120
0,16,2,0,64,64,0,229,54400,1792,35.2941
0,16,2,1,64,64,0,246,54400,1792,35.2941
0,16,3,0,64,58,6,377,104400,2784,16.6667
0,16,3,1,64,58,6,372,104400,2784,16.6667
0,17,0,0,64,64,0,71,7680,352,333.333
0,17,0,1,64,64,0,85,7680,352,333.333
0,17,1,0,64,64,0,104,16000,672,160
0,17,1,1,64,64,0,114,16000,672,160
0,17,2,0,64,64,0,201,54400,1792,47.0588
0,17,2,1,64,64,0,238,54400,1792,47.0588
0,17,3,0,64,63,1,356,113400,3024,22.2222
0,17,3,1,64,62,2,366,111600,2976,22.2222
0,18,0,0,64,64,0,71,7680,352,333.333
0,18,0,1,64,64,0,85,7680,352,333.333
0,18,1,0,64,64,0,101,16000,672,160
0,18,1,1,64,64,0,114,16000,672,160
0,18,2,0,64,64,0,201,54400,1792,47.0588
0,18,2,1,64,64,0,238,54400,1792,47.0588
0,18,3,0,64,64,0,338,115200,3072,22.2222
0,18,3,1,64,64,0,368,115200,3072,22.2222
0,19,0,0,64,64,0,71,7680,352,416.667
0,19,0,1,64,64,0,85,7680,352,416.667
0,19,1,0,64,64,0,101,16000,672,200
0,19,1,1,64,64,0,114,16000,672,200
0,19,2,0,64,64,0,201,54400,1792,58.8235
0,19,2,1,64,64,0,238,54400,1792,58.8235
0,19,3,0,64,64,0,337,115200,3072,27.7778
0,19,3,1,64,64,0,364,115200,3072,27.7778
0,20,0,0,64,64,0,71,7680,352,0
0,20,0,1,64,64,0,85,7680,352,0
0,20,1,0,64,64,0,101,16000,672,0
0,20,1,1,64,64,0,114,16000,672,0
0,20,2,0,64,64,0,199,54400,1792,0
0,20,2,1,64,64,0,238,54400,1792,0
0,20,3,0,64,64,0,316,115200,3072,0
0,20,3,1,64,64,0,361,115200,3072,0
1,1,0,0,64,64,0,71,5760,288,3.33333
1,1,0,1,64,64,0,71,5760,288,3.33333
1,1,1,0,64,32,32,139,3840,192,2.5
1,1,1,1,64,32,32,161,3840,192,2.5
1,1,2,0,64,0,64,96,0,0,0
1,1,2,1,64,0,64,94,0,0,0
1,1,3,0,64,0,64,72,0,0,0
1,1,3,1,64,0,64,72,0,0,0
1,2,0,0,64,64,0,71,5760,288,6.66667
1,2,0,1,64,64,0,71,5760,288,6.66667
1,2,1,0,64,34,30,165,4600,222,4.43478
1,2,1,1,64,63,1,112,15620,657,2.41997
1,2,2,0,64,0,64,137,0,0,0
1,2,2,1,64,0,64,199,0,0,0
1,2,3,0,64,0,64,180,0,0,0
1,2,3,1,64,0,64,182,0,0,0
1,3,0,0,64,64,0,122,7680,352,15
1,3,0,1,64,64,0,138,7680,352,15
1,3,1,0,64,50,14,192,10680,462,8.42697
1,3,1,1,64,64,0,185,16000,672,7.2
1,3,2,0,64,0,64,189,0,0,0
1,3,2,1,64,5,59,251,4250,140,2.11765
1,3,3,0,64,0,64,190,0,0,0
1,3,3,1,64,0,64,211,0,0,0
1,4,0,0,64,64,0,113,7680,352,31.6667
1,4,0,1,64,64,0,137,7680,352,31.6667
1,4,1,0,64,63,1,196,15620,657,15.3265
1,4,1,1,64,64,0,169,16000,672,15.2
1,4,2,0,64,0,64,222,0,0,0
1,4,2,1,64,23,41,319,19550,644,4.47059
1,4,3,0,64,0,64,198,0,0,0
1,4,3,1,64,0,64,246,0,0,0
1,5,0,0,64,64,0,71,7680,352,62.5
1,5,0,1,64,64,0,132,7680,352,62.5
1,5,1,0,64,64,0,104,16000,672,30
1,5,1,1,64,64,0,143,16000,672,30
1,5,2,0,64,63,1,210,53550,1764,8.82353
1,5,2,1,64,59,5,307,50150,1652,8.82353
1,5,3,0,64,1,63,209,1800,48,4.16667
1,5,3,1,64,16,48,258,28800,768,4.16667
1,6,0,0,64,64,0,71,7680,352,75
1,6,0,1,64,64,0,132,7680,352,75
1,6,1,0,64,64,0,101,16000,672,36
1,6,1,1,64,64,0,135,16000,672,36
1,6,2,0,64,64,0,201,54400,1792,10.5882
1,6,2,1,64,64,0,246,54400,1792,10.5882
1,6,3,0,64,5,59,254,9000,240,5
1,6,3,1,64,46,18,348,82800,2208,5
1,7,0,0,64,64,0,71,7680,352,91.6667
1,7,0,1,64,64,0,132,7680,352,91.6667
1,7,1,0,64,64,0,101,16000,672,44
1,7,1,1,64,64,0,134,16000,672,44
1,7,2,0,64,64,0,199,54400,1792,12.9412
1,7,2,1,64,64,0,216,54400,1792,12.9412
1,7,3,0,64,10,54,264,18000,480,6.11111
1,7,3,1,64,59,5,365,106200,2832,6.11111
1,8,0,0,64,64,0,71,7680,352,116.667
1,8,0,1,64,64,0,132,7680,352,116.667
1,8,1,0,64,64,0,101,16000,672,56
1,8,1,1,64,64,0,133,16000,672,56
1,8,2,0,64,64,0,192,54400,1792,16.4706
1,8,2,1,64,64,0,206,54400,1792,16.4706
1,8,3,0,64,48,16,299,86400,2304,7.77778
1,8,3,1,64,63,1,362,113400,3024,7.77778
1,9,0,0,64,64,0,71,7680,352,133.333
1,9,0,1,64,64,0,132,7680,352,133.333
1,9,1,0,64,64,0,101,16000,672,64
1,9,1,1,64,64,0,132,16000,672,64
1,9,2,0,64,64,0,185,54400,1792,18.8235
1,9,2,1,64,64,0,195,54400,1792,18.8235
1,9,3,0,64,61,3,275,109800,2928,8.88889
1,9,3,1,64,63,1,333,113400,3024,8.88889
1,10,0,0,64,64,0,71,7680,352,175
1,10,0,1,64,64,0,132,7680,352,175
1,10,1,0,64,64,0,93,16000,672,84
1,10,1,1,64,64,0,132,16000,672,84
1,10,2,0,64,64,0,155,54400,1792,24.7059
1,10,2,1,64,64,0,193,54400,1792,24.7059
1,10,3,0,64,64,0,268,115200,3072,11.6667
1,10,3,1,64,64,0,312,115200,3072,11.6667
1,11,0,0,64,64,0,71,7680,352,125
1,11,0,1,64,64,0,132,7680,352,125
1,11,1,0,64,64,0,71,16000,672,60
1,11,1,1,64,64,0,132,16000,672,60
1,11,2,0,64,64,0,136,54400,1792,17.6471
1,11,2,1,64,64,0,196,54400,1792,17.6471
1,11,3,0,64,64,0,208,115200,3072,8.33333
1,11,3,1,64,64,0,283,115200,3072,8.33333
1,12,0,0,64,64,0,71,7680,352,166.667
1,12,0,1,64,64,0,132,7680,352,166.667
1,12,1,0,64,64,0,71,16000,672,80
1,12,1,1,64,64,0,132,16000,672,80
1,12,2,0,64,64,0,135,54400,1792,23.5294
1,12,2,1,64,64,0,195,54400,1792,23.5294
1,12,3,0,64,64,0,204,115200,3072,11.1111
1,12,3,1,64,64,0,265,115200,3072,11.1111
1,13,0,0,64,64,0,71,7680,352,166.667
1,13,0,1,64,64,0,132,7680,352,166.667
1,13,1,0,64,64,0,71,16000,672,80
1,13,1,1,64,64,0,132,16000,672,80
1,13,2,0,64,64,0,133,54400,1792,23.5294
1,13,2,1,64,64,0,194,54400,1792,23.5294
1,13,3,0,64,64,0,195,115200,3072,11.1111
1,13,3,1,64,64,0,237,115200,3072,11.1111
1,14,0,0,64,64,0,71,7680,352,208.333
1,14,0,1,64,64,0,132,7680,352,208.333
1,14,1,0,64,64,0,71,16000,672,100
1,14,1,1,64,64,0,132,16000,672,100
1,14,2,0,64,64,0,132,54400,1792,29.4118
1,14,2,1,64,64,0,192,54400,1792,29.4118
1,14,3,0,64,64,0,193,115200,3072,13.8889
1,14,3,1,64,64,0,222,115200,3072,13.8889
1,15,0,0,64,64,0,71,7680,352,250
1,15,0,1,64,64,0,132,7680,352,250
1,15,1,0,64,64,0,71,16000,672,120
1,15,1,1,64,64,0,132,16000,672,120
1,15,2,0,64,64,0,132,54400,1792,35.2941
1,15,2,1,64,64,0,185,54400,1792,35.2941
1,15,3,0,64,64,0,192,115200,3072,16.6667
1,15,3,1,64,64,0,208,115200,3072,16.6667
1,16,0,0,64,64,0,71,7680,352,250
1,16,0,1,64,64,0,132,7680,352,250
1,16,1,0,64,64,0,71,16000,672,120
1,16,1,1,64,64,0,132,16000,672,120
1,16,2,0,64,64,0,132,54400,1792,35.2941
1,16,2,1,64,64,0,182,54400,1792,35.2941
1,16,3,0,64,64,0,188,115200,3072,16.6667
1,16,3,1,64,64,0,203,115200,3072,16.6667
1,17,0,0,64,64,0,71,7680,352,333.333
1,17,0,1,64,64,0,132,7680,352,333.333
1,17,1,0,64,64,0,71,16000,672,160
1,17,1,1,64,64,0,132,16000,672,160
1,17,2,0,64,64,0,132,54400,1792,47.0588
1,17,2,1,64,64,0,164,54400,1792,47.0588
1,17,3,0,64,64,0,168,115200,3072,22.2222
1,17,3,1,64,64,0,199,115200,3072,22.2222
1,18,0,0,64,64,0,71,7680,352,333.333
1,18,0,1,64,64,0,132,7680,352,333.333
1,18,1,0,64,64,0,71,16000,672,160
1,18,1,1,64,64,0,132,16000,672,160
1,18,2,0,64,64,0,131,54400,1792,47.0588
1,18,2,1,64,64,0,155,54400,1792,47.0588
1,18,3,0,64,64,0,153,115200,3072,22.2222
1,18,3,1,64,64,0,198,115200,3072,22.2222
1,19,0,0,64,64,0,71,7680,352,416.667
1,19,0,1,64,64,0,132,7680,352,416.667
1,19,1,0,64,64,0,71,16000,672,200
1,19,1,1,64,64,0,132,16000,672,200
1,19,2,0,64,64,0,129,54400,1792,58.8235
1,19,2,1,64,64,0,143,54400,1792,58.8235
1,19,3,0,64,64,0,141,115200,3072,27.7778
1,19,3,1,64,64,0,197,115200,3072,27.7778
1,20,0,0,64,64,0,71,7680,352,0
1,20,0,1,64,64,0,132,7680,352,0
1,20,1,0,64,64,0,71,16000,672,0
1,20,1,1,64,64,0,132,16000,672,0
1,20,2,0,64,64,0,120,54400,1792,0
1,20,2,1,64,64,0,136,54400,1792,0
1,20,3,0,64,64,0,139,115200,3072,0
1,20,3,1,64,64,0,195,115200,3072,0
2,1,0,0,64,64,0,71,5760,288,3.33333
2,1,0,1,64,64,0,71,5760,288,3.33333
2,1,1,0,64,32,32,137,3840,192,2.5
2,1,1,1,64,35,29,195,4980,237,2.10843
2,1,2,0,64,0,64,96,0,0,0
2,1,2,1,64,0,64,120,0,0,0
2,1,3,0,64,0,64,72,0,0,0
2,1,3,1,64,0,64,72,0,0,0
2,2,0,0,64,64,0,71,5760,288,6.66667
2,2,0,1,64,64,0,135,5760,288,6.66667
2,2,1,0,64,35,29,163,4980,237,4.21687
2,2,1,1,64,60,4,293,14480,612,2.48619
2,2,2,0,64,0,64,137,0,0,0
2,2,2,1,64,0,64,375,0,0,0
2,2,3,0,64,0,64,180,0,0,0
2,2,3,1,64,0,64,362,0,0,0
2,3,0,0,64,64,0,113,7680,352,15
2,3,0,1,64,64,0,177,7680,352,15
2,3,1,0,64,55,9,188,12580,537,7.86963
2,3,1,1,64,64,0,282,16000,672,7.2
2,3,2,0,64,0,64,189,0,0,0
2,3,2,1,64,0,64,407,0,0,0
2,3,3,0,64,0,64,190,0,0,0
2,3,3,1,64,0,64,390,0,0,0
2,4,0,0,64,64,0,104,7680,352,31.6667
2,4,0,1,64,64,0,169,7680,352,31.6667
2,4,1,0,64,63,1,189,15620,657,15.3265
2,4,1,1,64,64,0,259,16000,672,15.2
2,4,2,0,64,0,64,222,0,0,0
2,4,2,1,64,9,55,464,7650,252,4.47059
2,4,3,0,64,0,64,198,0,0,0
2,4,3,1,64,0,64,365,0,0,0
2,5,0,0,64,64,0,71,7680,352,62.5
2,5,0,1,64,64,0,135,7680,352,62.5
2,5,1,0,64,64,0,101,16000,672,30
2,5,1,1,64,64,0,166,16000,672,30
2,5,2,0,64,63,1,200,53550,1764,8.82353
2,5,2,1,64,64,0,283,54400,1792,8.82353
2,5,3,0,64,1,63,209,1800,48,4.16667
2,5,3,1,64,15,49,388,27000,720,4.16667
2,6,0,0,64,64,0,71,7680,352,75
2,6,0,1,64,64,0,135,7680,352,75
2,6,1,0,64,64,0,101,16000,672,36
2,6,1,1,64,64,0,166,16000,672,36
2,6,2,0,64,64,0,199,54400,1792,10.5882
2,6,2,1,64,64,0,269,54400,1792,10.5882
2,6,3,0,64,8,56,254,14400,384,5
2,6,3,1,64,44,20,428,79200,2112,5
2,7,0,0,64,64,0,71,7680,352,91.6667
2,7,0,1,64,64,0,135,7680,352,91.6667
2,7,1,0,64,64,0,101,16000,672,44
2,7,1,1,64,64,0,166,16000,672,44
2,7,2,0,64,64,0,192,54400,1792,12.9412
2,7,2,1,64,64,0,263,54400,1792,12.9412
2,7,3,0,64,20,44,258,36000,960,6.11111
2,7,3,1,64,61,3,431,109800,2928,6.11111
2,8,0,0,64,64,0,71,7680,352,116.667
2,8,0,1,64,64,0,135,7680,352,116.667
2,8,1,0,64,64,0,101,16000,672,56
2,8,1,1,64,64,0,166,16000,672,56
2,8,2,0,64,64,0,188,54400,1792,16.4706
2,8,2,1,64,64,0,260,54400,1792,16.4706
2,8,3,0,64,49,15,292,88200,2352,7.77778
2,8,3,1,64,64,0,405,115200,3072,7.77778
2,9,0,0,64,64,0,71,7680,352,133.333
2,9,0,1,64,64,0,135,7680,352,133.333
2,9,1,0,64,64,0,93,16000,672,64
2,9,1,1,64,64,0,156,16000,672,64
2,9,2,0,64,64,0,155,54400,1792,18.8235
2,9,2,1,64,64,0,222,54400,1792,18.8235
2,9,3,0,64,61,3,265,109800,2928,8.88889
2,9,3,1,64,64,0,346,115200,3072,8.88889
2,10,0,0,64,64,0,71,7680,352,175
2,10,0,1,64,64,0,135,7680,352,175
2,10,1,0,64,64,0,83,16000,672,84
2,10,1,1,64,64,0,148,16000,672,84
2,10,2,0,64,64,0,138,54400,1792,24.7059
2,10,2,1,64,64,0,203,54400,1792,24.7059
2,10,3,0,64,64,0,260,115200,3072,11.6667
2,10,3,1,64,64,0,331,115200,3072,11.6667
2,11,0,0,64,64,0,71,7680,352,125
2,11,0,1,64,64,0,135,7680,352,125
2,11,1,0,64,64,0,71,16000,672,60
2,11,1,1,64,64,0,135,16000,672,60
2,11,2,0,64,64,0,132,54400,1792,17.6471
2,11,2,1,64,64,0,194,54400,1792,17.6471
2,11,3,0,64,64,0,191,115200,3072,8.33333
2,11,3,1,64,64,0,257,115200,3072,8.33333
2,12,0,0,64,64,0,71,7680,352,166.667
2,12,0,1,64,64,0,135,7680,352,166.667
2,12,1,0,64,64,0,71,16000,672,80
2,12,1,1,64,64,0,135,16000,672,80
2,12,2,0,64,64,0,132,54400,1792,23.5294
2,12,2,1,64,64,0,194,54400,1792,23.5294
2,12,3,0,64,64,0,187,115200,3072,11.1111
2,12,3,1,64,64,0,249,115200,3072,11.1111
2,13,0,0,64,64,0,71,7680,352,166.667
2,13,0,1,64,64,0,135,7680,352,166.667
2,13,1,0,64,64,0,71,16000,672,80
2,13,1,1,64,64,0,135,16000,672,80
2,13,2,0,64,64,0,132,54400,1792,23.5294
2,13,2,1,64,64,0,194,54400,1792,23.5294
2,13,3,0,64,64,0,138,115200,3072,11.1111
2,13,3,1,64,64,0,203,115200,3072,11.1111
2,14,0,0,64,64,0,71,7680,352,208.333
2,14,0,1,64,64,0,135,7680,352,208.333
2,14,1,0,64,64,0,71,16000,672,100
2,14,1,1,64,64,0,135,16000,672,100
2,14,2,0,64,64,0,111,54400,1792,29.4118
2,14,2,1,64,64,0,170,54400,1792,29.4118
2,14,3,0,64,64,0,138,115200,3072,13.8889
2,14,3,1,64,64,0,203,115200,3072,13.8889
2,15,0,0,64,64,0,71,7680,352,250
2,15,0,1,64,64,0,135,7680,352,250
2,15,1,0,64,64,0,71,16000,672,120
2,15,1,1,64,64,0,135,16000,672,120
2,15,2,0,64,64,0,92,54400,1792,35.2941
2,15,2,1,64,64,0,156,54400,1792,35.2941
2,15,3,0,64,64,0,138,115200,3072,16.6667
2,15,3,1,64,64,0,203,115200,3072,16.6667
2,16,0,0,64,64,0,71,7680,352,250
2,16,0,1,64,64,0,135,7680,352,250
2,16,1,0,64,64,0,71,16000,672,120
2,16,1,1,64,64,0,135,16000,672,120
2,16,2,0,64,64,0,71,54400,1792,35.2941
2,16,2,1,64,64,0,135,54400,1792,35.2941
2,16,3,0,64,64,0,138,115200,3072,16.6667
2,16,3,1,64,64,0,203,115200,3072,16.6667
2,17,0,0,64,64,0,71,7680,352,333.333
2,17,0,1,64,64,0,135,7680,352,333.333
2,17,1,0,64,64,0,71,16000,672,160
2,17,1,1,64,64,0,135,16000,672,160
2,17,2,0,64,64,0,71,54400,1792,47.0588
2,17,2,1,64,64,0,135,54400,1792,47.0588
2,17,3,0,64,64,0,138,115200,3072,22.2222
2,17,3,1,64,64,0,214,115200,3072,22.2222
2,18,0,0,64,64,0,71,7680,352,333.333
2,18,0,1,64,64,0,135,7680,352,333.333
2,18,1,0,64,64,0,71,16000,672,160
2,18,1,1,64,64,0,135,16000,672,160
2,18,2,0,64,64,0,71,54400,1792,47.0588
2,18,2,1,64,64,0,135,54400,1792,47.0588
2,18,3,0,64,64,0,137,115200,3072,22.2222
2,18,3,1,64,64,0,209,115200,3072,22.2222
2,19,0,0,64,64,0,71,7680,352,416.667
2,19,0,1,64,64,0,135,7680,352,416.667
2,19,1,0,64,64,0,71,16000,672,200
2,19,1,1,64,64,0,135,16000,672,200
2,19,2,0,64,64,0,71,54400,1792,58.8235
2,19,2,1,64,64,0,135,54400,1792,58.8235
2,19,3,0,64,64,0,132,115200,3072,27.7778
2,19,3,1,64,64,0,202,115200,3072,27.7778
2,20,0,0,64,64,0,71,7680,352,0
2,20,0,1,64,64,0,135,7680,352,0
2,20,1,0,64,64,0,71,16000,672,0
2,20,1,1,64,64,0,135,16000,672,0
2,20,2,0,64,64,0,71,54400,1792,0
2,20,2,1,64,64,0,135,54400,1792,0
2,20,3,0,64,64,0,111,115200,3072,0
2,20,3,1,64,64,0,173,115200,3072,0
3,1,0,0,64,64,0,71,5760,288,3.33333
3,1,0,1,64,64,0,135,5760,288,3.33333
3,1,1,0,64,32,32,135,3840,192,2.5
3,1,1,1,64,33,31,197,4220,207,2.34597
3,1,2,0,64,0,64,129,0,0,0
3,1,2,1,64,0,64,256,0,0,0
3,1,3,0,64,0,64,72,0,0,0
3,1,3,1,64,0,64,254,0,0,0
3,2,0,0,64,64,0,71,5760,288,6.66667
3,2,0,1,64,64,0,135,5760,288,6.66667
3,2,1,0,64,40,24,169,6880,312,3.48837
3,2,1,1,64,54,10,231,12200,522,2.65574
3,2,2,0,64,0,64,144,0,0,0
3,2,2,1,64,6,58,403,5100,168,0.705882
3,2,3,0,64,0,64,180,0,0,0
3,2,3,1,64,0,64,352,0,0,0
3,3,0,0,64,64,0,104,7680,352,15
3,3,0,1,64,64,0,165,7680,352,15
3,3,1,0,64,60,4,186,14480,612,7.45856
3,3,1,1,64,64,0,222,16000,672,7.2
3,3,2,0,64,0,64,204,0,0,0
3,3,2,1,64,43,21,491,36550,1204,2.11765
3,3,3,0,64,0,64,198,0,0,0
3,3,3,1,64,0,64,476,0,0,0
3,4,0,0,64,64,0,101,7680,352,31.6667
3,4,0,1,64,64,0,165,7680,352,31.6667
3,4,1,0,64,64,0,175,16000,672,15.2
3,4,1,1,64,64,0,213,16000,672,15.2
3,4,2,0,64,4,60,257,3400,112,4.47059
3,4,2,1,64,64,0,502,54400,1792,4.47059
3,4,3,0,64,0,64,198,0,0,0
3,4,3,1,64,1,63,542,1800,48,2.11111
3,5,0,0,64,64,0,71,7680,352,62.5
3,5,0,1,64,64,0,135,7680,352,62.5
3,5,1,0,64,64,0,101,16000,672,30
3,5,1,1,64,64,0,165,16000,672,30
3,5,2,0,64,64,0,199,54400,1792,8.82353
3,5,2,1,64,64,0,261,54400,1792,8.82353
3,5,3,0,64,8,56,254,14400,384,4.16667
3,5,3,1,64,64,0,441,115200,3072,4.16667
3,6,0,0,64,64,0,71,7680,352,75
3,6,0,1,64,64,0,135,7680,352,75
3,6,1,0,64,64,0,101,16000,672,36
3,6,1,1,64,64,0,165,16000,672,36
3,6,2,0,64,64,0,192,54400,1792,10.5882
3,6,2,1,64,64,0,258,54400,1792,10.5882
3,6,3,0,64,24,40,264,43200,1152,5
3,6,3,1,64,64,0,405,115200,3072,5
3,7,0,0,64,64,0,71,7680,352,91.6667
3,7,0,1,64,64,0,135,7680,352,91.6667
3,7,1,0,64,64,0,101,16000,672,44
3,7,1,1,64,64,0,157,16000,672,44
3,7,2,0,64,64,0,188,54400,1792,12.9412
3,7,2,1,64,64,0,222,54400,1792,12.9412
3,7,3,0,64,54,10,299,97200,2592,6.11111
3,7,3,1,64,64,0,393,115200,3072,6.11111
3,8,0,0,64,64,0,71,7680,352,116.667
3,8,0,1,64,64,0,135,7680,352,116.667
3,8,1,0,64,64,0,101,16000,672,56
3,8,1,1,64,64,0,147,16000,672,56
3,8,2,0,64,64,0,185,54400,1792,16.4706
3,8,2,1,64,64,0,202,54400,1792,16.4706
3,8,3,0,64,63,1,277,113400,3024,7.77778
3,8,3,1,64,64,0,379,115200,3072,7.77778
3,9,0,0,64,64,0,71,7680,352,133.333
3,9,0,1,64,64,0,135,7680,352,133.333
3,9,1,0,64,64,0,83,16000,672,64
3,9,1,1,64,64,0,135,16000,672,64
3,9,2,0,64,64,0,138,54400,1792,18.8235
3,9,2,1,64,64,0,202,54400,1792,18.8235
3,9,3,0,64,64,0,260,115200,3072,8.88889
3,9,3,1,64,64,0,300,115200,3072,8.88889
3,10,0,0,64,64,0,71,7680,352,175
3,10,0,1,64,64,0,135,7680,352,175
3,10,1,0,64,64,0,71,16000,672,84
3,10,1,1,64,64,0,135,16000,672,84
3,10,2,0,64,64,0,138,54400,1792,24.7059
3,10,2,1,64,64,0,202,54400,1792,24.7059
3,10,3,0,64,64,0,252,115200,3072,11.6667
3,10,3,1,64,64,0,284,115200,3072,11.6667
3,11,0,0,64,64,0,71,7680,352,125
3,11,0,1,64,64,0,135,7680,352,125
3,11,1,0,64,64,0,71,16000,672,60
3,11,1,1,64,64,0,135,16000,672,60
3,11,2,0,64,64,0,138,54400,1792,17.6471
3,11,2,1,64,64,0,202,54400,1792,17.6471
3,11,3,0,64,64,0,245,115200,3072,8.33333
3,11,3,1,64,64,0,283,115200,3072,8.33333
3,12,0,0,64,64,0,71,7680,352,166.667
3,12,0,1,64,64,0,135,7680,352,166.667
3,12,1,0,64,64,0,71,16000,672,80
3,12,1,1,64,64,0,135,16000,672,80
3,12,2,0,64,64,0,138,54400,1792,23.5294
3,12,2,1,64,64,0,202,54400,1792,23.5294
3,12,3,0,64,64,0,215,115200,3072,11.1111
3,12,3,1,64,64,0,283,115200,3072,11.1111
3,13,0,0,64,64,0,71,7680,352,166.667
3,13,0,1,64,64,0,135,7680,352,166.667
3,13,1,0,64,64,0,71,16000,672,80
3,13,1,1,64,64,0,135,16000,672,80
3,13,2,0,64,64,0,137,54400,1792,23.5294
3,13,2,1,64,64,0,196,54400,1792,23.5294
3,13,3,0,64,64,0,205,115200,3072,11.1111
3,13,3,1,64,64,0,267,115200,3072,11.1111
3,14,0,0,64,64,0,71,7680,352,208.333
3,14,0,1,64,64,0,135,7680,352,208.333
3,14,1,0,64,64,0,71,16000,672,100
3,14,1,1,64,64,0,135,16000,672,100
3,14,2,0,64,64,0,132,54400,1792,29.4118
3,14,2,1,64,64,0,196,54400,1792,29.4118
3,14,3,0,64,64,0,203,115200,3072,13.8889
3,14,3,1,64,64,0,267,115200,3072,13.8889
3,15,0,0,64,64,0,71,7680,352,250
3,15,0,1,64,64,0,135,7680,352,250
3,15,1,0,64,64,0,71,16000,672,120
3,15,1,1,64,64,0,135,16000,672,120
3,15,2,0,64,64,0,132,54400,1792,35.2941
3,15,2,1,64,64,0,196,54400,1792,35.2941
3,15,3,0,64,64,0,195,115200,3072,16.6667
3,15,3,1,64,64,0,267,115200,3072,16.6667
3,16,0,0,64,64,0,71,7680,352,250
3,16,0,1,64,64,0,135,7680,352,250
3,16,1,0,64,64,0,71,16000,672,120
3,16,1,1,64,64,0,135,16000,672,120
3,16,2,0,64,64,0,132,54400,1792,35.2941
3,16,2,1,64,64,0,196,54400,1792,35.2941
3,16,3,0,64,64,0,191,115200,3072,16.6667
3,16,3,1,64,64,0,262,115200,3072,16.6667
3,17,0,0,64,64,0,71,7680,352,333.333
3,17,0,1,64,64,0,135,7680,352,333.333
3,17,1,0,64,64,0,71,16000,672,160
3,17,1,1,64,64,0,135,16000,672,160
3,17,2,0,64,64,0,132,54400,1792,47.0588
3,17,2,1,64,64,0,196,54400,1792,47.0588
3,17,3,0,64,64,0,191,115200,3072,22.2222
3,17,3,1,64,64,0,202,115200,3072,22.2222
3,18,0,0,64,64,0,71,7680,352,333.333
3,18,0,1,64,64,0,135,7680,352,333.333
3,18,1,0,64,64,0,71,16000,672,160
3,18,1,1,64,64,0,135,16000,672,160
3,18,2,0,64,64,0,132,54400,1792,47.0588
3,18,2,1,64,64,0,196,54400,1792,47.0588
3,18,3,0,64,64,0,191,115200,3072,22.2222
3,18,3,1,64,64,0,202,115200,3072,22.2222
3,19,0,0,64,64,0,71,7680,352,416.667
3,19,0,1,64,64,0,135,7680,352,416.667
3,19,1,0,64,64,0,71,16000,672,200
3,19,1,1,64,64,0,135,16000,672,200
3,19,2,0,64,64,0,132,54400,1792,58.8235
3,19,2,1,64,64,0,196,54400,1792,58.8235
3,19,3,0,64,64,0,187,115200,3072,27.7778
3,19,3,1,64,64,0,202,115200,3072,27.7778
3,20,0,0,64,64,0,71,7680,352,0
3,20,0,1,64,64,0,135,7680,352,0
3,20,1,0,64,64,0,71,16000,672,0
3,20,1,1,64,64,0,135,16000,672,0
3,20,2,0,64,64,0,132,54400,1792,0
3,20,2,1,64,64,0,175,54400,1792,0
3,20,3,0,64,64,0,155,115200,3072,0
3,20,3,1,64,64,0,202,115200,3072,0
